k,dispersion,geometry,is_core,model,Mean_Error_m,Median_Error_m,Std_Error_m,Min_Error_m,Max_Error_m,Q25_Error_m,Q75_Error_m,ap_indices_str,ap_names_str
2,3.605551275463989,,False,KWNN,3.0778918212184054,2.4988800004266465,1.914830064674324,1.2581118537805673,7.7958446223767135,1.8494988277094784,3.702515172093207,"(1, 2)","('ap1', 'ap2')"
2,3.605551275463989,,False,RF,3.0597070059695626,2.3867174298605187,2.1713332767523017,0.78697411012053,8.441569069787915,1.6970851510752196,3.6324146913589037,"(1, 2)","('ap1', 'ap2')"
2,3.605551275463989,,False,Transformer,3.6516318463813695,3.363823375564128,2.0612315309419724,2.0872397464920516,9.21612977804777,2.2146293837071025,3.6331400608927766,"(1, 2)","('ap1', 'ap2')"
2,12.36931687685298,,False,KWNN,3.206734746994586,2.135011898326204,2.98887308747389,0.7485880373737404,10.856690931249416,1.2692747331692062,3.7496803110655628,"(1, 3)","('ap1', 'ap3')"
2,12.36931687685298,,False,RF,3.1722364899895705,2.6418762745442868,2.193654046567757,1.116213044181083,8.34610629275712,1.4650153616942043,3.552511764934777,"(1, 3)","('ap1', 'ap3')"
2,12.36931687685298,,False,Transformer,3.8629788719054403,3.0466846801759444,2.1290146625638133,2.274914197782361,9.572828879346527,2.7473034277208996,3.6631608298914773,"(1, 3)","('ap1', 'ap3')"
2,12.041594578792296,,False,KWNN,4.015060602798256,3.868894945612677,2.7008050182046857,0.2865204671294628,10.392084977119882,3.265993293663969,4.614020437634656,"(1, 4)","('ap1', 'ap4')"
2,12.041594578792296,,False,RF,3.764053797834606,3.571000358442995,2.035289874878922,1.352911028116779,8.613593352370426,2.293054140224343,4.478071711127458,"(1, 4)","('ap1', 'ap4')"
2,12.041594578792296,,False,Transformer,3.321802194390999,2.3529616645559566,2.7572405370496478,0.17555364395969117,9.99727930789907,1.9567663593311453,4.253743113838689,"(1, 4)","('ap1', 'ap4')"
2,22.135943621178654,dispersed,True,KWNN,3.0295453406901456,1.8183705350201091,2.7497999753497124,0.2971614072822731,8.67952418416315,0.6741075745556397,4.893443876946594,"(1, 5)","('ap1', 'ap5')"
2,22.135943621178654,dispersed,True,RF,3.358477012492311,3.032823430402766,2.1504153190345585,1.229388465864228,8.695634297738149,1.7367044192953505,3.9093225103590523,"(1, 5)","('ap1', 'ap5')"
2,22.135943621178654,dispersed,True,Transformer,3.4187809882791074,3.3407634803003634,2.674658454405765,0.580455742025701,9.292518906420758,1.038541900441713,4.405817590739126,"(1, 5)","('ap1', 'ap5')"
2,17.26267650163207,,False,KWNN,3.9409718896348003,2.409061804138942,3.398017398612086,0.5589842868406585,11.147037430249298,1.9828681746019312,4.5920504420677855,"(1, 6)","('ap1', 'ap6')"
2,17.26267650163207,,False,RF,3.308713110328788,2.0833026688409917,2.946189518906782,0.6434955244599608,8.95895757384753,1.2511779449782514,3.7276147655035383,"(1, 6)","('ap1', 'ap6')"
2,17.26267650163207,,False,Transformer,3.217898177117659,2.745289005318133,2.2916030072610027,0.4821805926645252,9.071493272366785,1.776427843141216,3.598980320777511,"(1, 6)","('ap1', 'ap6')"
2,10.0,,False,KWNN,3.8017697210217825,3.962804052361765,1.854406564190302,1.205014965719368,7.684525387824169,2.6685397932919472,4.590736653662741,"(2, 3)","('ap2', 'ap3')"
2,10.0,,False,RF,2.5489884383659582,2.504923601629399,0.967765830818023,1.432723591625405,4.194942432262927,1.6815088462449432,3.094559563168885,"(2, 3)","('ap2', 'ap3')"
2,10.0,,False,Transformer,3.3298415619301704,2.5253589295759347,2.23053381289751,0.7165176401512455,7.785162824082111,1.8374307550770557,4.930324237019739,"(2, 3)","('ap2', 'ap3')"
2,10.198039027185569,,False,KWNN,4.177062937265398,4.8366603685515335,1.6968277411047998,1.3350600897869478,7.304369973633975,2.843225863722871,4.97573954981657,"(2, 4)","('ap2', 'ap4')"
2,10.198039027185569,,False,RF,3.9406424850204056,4.125379799485134,1.8610865266549663,0.9440580967292215,6.668095167287282,3.2164484280025385,4.939454095342926,"(2, 4)","('ap2', 'ap4')"
2,10.198039027185569,,False,Transformer,3.2559401876374197,3.0209495420069787,1.5120917704096017,1.005008068406809,5.448005032693329,1.9722531056724455,4.323308663901533,"(2, 4)","('ap2', 'ap4')"
2,19.4164878389476,,False,KWNN,4.148840635636286,3.687247151843676,2.7383082861150503,0.6248405685119515,10.26240973162609,2.0904933019075034,4.592215848676538,"(2, 5)","('ap2', 'ap5')"
2,19.4164878389476,,False,RF,3.741266850706472,3.018939158048734,2.3373247593549684,0.5855636942297567,7.812364841070852,2.0711988050402117,5.292411023342764,"(2, 5)","('ap2', 'ap5')"
2,19.4164878389476,,False,Transformer,3.923016248257616,3.7569971306655026,1.9498672390613032,1.6327519612921964,8.150111843341898,2.4537119158738228,4.595663229558518,"(2, 5)","('ap2', 'ap5')"
2,15.0,,False,KWNN,2.194822712917295,1.8562570365182567,1.3306158920994224,0.957652415390058,5.146087178658153,1.051279004196397,2.642512735115202,"(2, 6)","('ap2', 'ap6')"
2,15.0,,False,RF,2.286638916127948,2.1227478064998677,1.115431456395179,0.7489728700026457,4.4828562323590075,1.7070243378464172,2.9233962714623547,"(2, 6)","('ap2', 'ap6')"
2,15.0,,False,Transformer,2.841790810634211,2.3860919711100395,1.2206510310856555,1.365530934887844,5.33489903703037,2.1076330518047675,3.9551183757146826,"(2, 6)","('ap2', 'ap6')"
2,2.0,clustered,True,KWNN,5.633222878017111,3.7950471545391884,3.4657162218913813,1.8680882615270915,11.152137202251762,2.748558970667426,8.28789480424492,"(3, 4)","('ap3', 'ap4')"
2,2.0,clustered,True,RF,5.131136115192236,5.0466658706516325,3.4316672591278325,1.104770908378746,11.060380500235967,1.7887045144461395,8.628227767624125,"(3, 4)","('ap3', 'ap4')"
2,2.0,clustered,True,Transformer,4.191042595027107,2.6397951005832816,2.2267316099035983,1.530051462399769,7.58108210306578,2.298145300343164,6.3598917860296,"(3, 4)","('ap3', 'ap4')"
2,9.848857801796104,,False,KWNN,6.3452307867205535,5.764340469037634,4.8694182943188355,0.2686238530223601,13.34172891074637,1.3688134496504711,12.18182755789648,"(3, 5)","('ap3', 'ap5')"
2,9.848857801796104,,False,RF,6.677797368287162,5.874035213547838,4.815074201953619,0.6685626373048377,14.840262866944103,2.1643440114732226,11.344459856687758,"(3, 5)","('ap3', 'ap5')"
2,9.848857801796104,,False,Transformer,5.609348050385948,6.271800433836892,2.3645337664332198,2.5955749035078717,10.3370381048698,3.2006828846921014,6.59772825107582,"(3, 5)","('ap3', 'ap5')"
2,5.0,,False,KWNN,4.566171689011325,2.790656133175062,3.3057916721501464,0.41566679475036145,9.902507893782808,2.414787978919891,7.5845558090814675,"(3, 6)","('ap3', 'ap6')"
2,5.0,,False,RF,4.246536001975901,3.668909277973496,2.944210412455505,0.41050257002849566,9.149467101968288,2.296664024188127,5.383828169620572,"(3, 6)","('ap3', 'ap6')"
2,5.0,,False,Transformer,4.571535487239391,3.9662437163256725,2.7294311678340417,1.488093125427229,9.68335139365877,2.035675849691158,5.040245597283559,"(3, 6)","('ap3', 'ap6')"
2,10.816653826391969,,False,KWNN,7.805761106470862,8.62244893967609,3.848246684348822,2.305605624767394,14.068486472414463,5.32402886155147,11.068806753121402,"(4, 5)","('ap4', 'ap5')"
2,10.816653826391969,,False,RF,6.106611552913898,6.084969206988643,4.027913670270485,1.2407749836291833,12.626281797900758,2.0510602233966706,8.346508625766825,"(4, 5)","('ap4', 'ap5')"
2,10.816653826391969,,False,Transformer,5.082039101354525,5.8932141623947265,2.4723520453457177,1.697630231771834,8.67984077125745,2.3455060268357055,7.001211191928495,"(4, 5)","('ap4', 'ap5')"
2,5.385164807134504,,False,KWNN,2.5913112560102354,1.8578765711071,1.6180423641679864,1.1365450071373737,5.972728244009313,1.2875506391501108,3.130513964419322,"(4, 6)","('ap4', 'ap6')"
2,5.385164807134504,,False,RF,2.010460926694836,1.9414670973261434,1.1385721223483807,0.7452838452562891,4.019702854689635,0.9914789407748407,2.6527697242693344,"(4, 6)","('ap4', 'ap6')"
2,5.385164807134504,,False,Transformer,2.3025405642373027,2.5330777957557506,1.0795272944798224,0.6276849911036968,3.7341899511496655,1.3589191535174692,3.260187376616267,"(4, 6)","('ap4', 'ap6')"
2,5.656854249492381,,False,KWNN,3.8619049745236254,2.730986857432054,2.161118911654102,1.9324810765488545,7.644726323374802,2.1874123293225476,6.290734123603659,"(5, 6)","('ap5', 'ap6')"
2,5.656854249492381,,False,RF,3.646187767343214,2.892525049156878,2.5053655354833584,0.8808135387242865,7.968151125574866,1.548748255850511,6.045945194094965,"(5, 6)","('ap5', 'ap6')"
2,5.656854249492381,,False,Transformer,4.006212554642515,3.54252556793684,1.5432260836752127,2.2892055646444707,7.501920261843499,3.059647576483156,4.969296621845093,"(5, 6)","('ap5', 'ap6')"
3,8.658289384105657,,False,KWNN,2.839018063749286,1.7406158811302606,1.9340985297326663,0.4633953318617702,6.539024585520721,1.4154441412082546,4.054458085753259,"(1, 2, 3)","('ap1', 'ap2', 'ap3')"
3,8.658289384105657,,False,RF,2.7766577944647954,1.8590444454073711,2.2914532264710457,0.8978278287065958,8.3733880932392,1.111525960110694,3.2369092418540255,"(1, 2, 3)","('ap1', 'ap2', 'ap3')"
3,8.658289384105657,,False,Transformer,3.101040501191788,1.8850354756501726,2.194912389319585,0.8584409552044159,8.25606837933067,1.6122393173302625,3.9110659379032153,"(1, 2, 3)","('ap1', 'ap2', 'ap3')"
3,8.615061627147284,,False,KWNN,2.925097370448,1.969272018730359,2.5684096978091966,0.29370980322290086,9.478778624564391,1.4144743548398522,3.383784199149914,"(1, 2, 4)","('ap1', 'ap2', 'ap4')"
3,8.615061627147284,,False,RF,2.894359662735141,2.512025177023511,2.2502864371893616,0.7706297684361799,8.238168349821459,1.1455840824662327,3.6595561698107604,"(1, 2, 4)","('ap1', 'ap2', 'ap4')"
3,8.615061627147284,,False,Transformer,2.858057043429243,2.060843125115906,1.9463682334577892,0.8616342293900592,7.562854027344428,1.7596717555417085,3.2769765738971346,"(1, 2, 4)","('ap1', 'ap2', 'ap4')"
3,15.052660911863413,dispersed,True,KWNN,2.861475878794255,1.9272142500116995,1.8836320288587198,0.6899017404539886,6.5483998998961175,1.1773993877459858,3.8734430542470424,"(1, 2, 5)","('ap1', 'ap2', 'ap5')"
3,15.052660911863413,dispersed,True,RF,2.9389615761194197,2.579663737776689,2.2157870725230615,0.7596690068707556,8.470666236489311,1.409445369640129,3.6329990696392973,"(1, 2, 5)","('ap1', 'ap2', 'ap5')"
3,15.052660911863413,dispersed,True,Transformer,3.1972496743841283,2.2558862237351813,2.2662661850714594,0.7715027446188109,8.109267465905097,1.4434377439914128,4.733377293703707,"(1, 2, 5)","('ap1', 'ap2', 'ap5')"
3,11.956075925698684,,False,KWNN,2.9611425466364176,2.455590922316435,2.206838640075147,0.4680103892621578,7.657431992924715,1.4988263443438734,3.2650586805188224,"(1, 2, 6)","('ap1', 'ap2', 'ap6')"
3,11.956075925698684,,False,RF,2.4024172323818735,1.4407403097019253,1.9858602338083329,0.7455266326564063,7.116839028669961,1.1041455701129266,3.386214052596203,"(1, 2, 6)","('ap1', 'ap2', 'ap6')"
3,11.956075925698684,,False,Transformer,2.6063279621450683,1.7601695600706821,1.915590907187214,0.8143268326389963,7.362827479456289,1.3551037107393122,3.416431188699575,"(1, 2, 6)","('ap1', 'ap2', 'ap6')"
3,8.803637151881759,,False,KWNN,3.1577391870297165,2.821209278414285,2.778765846633351,0.623729441400598,10.293271066882502,1.2811092600047036,3.7911841132910475,"(1, 3, 4)","('ap1', 'ap3', 'ap4')"
3,8.803637151881759,,False,RF,3.4227946870410553,3.761134807474999,2.1428068975909906,0.5414646802885669,8.531506842287593,1.899459459951699,3.820496304146884,"(1, 3, 4)","('ap1', 'ap3', 'ap4')"
3,8.803637151881759,,False,Transformer,3.0664969727187237,2.5160084339878894,2.4122750566892535,0.285594322538808,8.570941352853646,1.532518941169587,4.164294662542919,"(1, 3, 4)","('ap1', 'ap3', 'ap4')"
3,14.784706099942577,,False,KWNN,2.794831582484133,1.4444657931426454,2.74195485796321,0.32096700307981685,8.967019503958978,0.7854409561611682,4.282860295412624,"(1, 3, 5)","('ap1', 'ap3', 'ap5')"
3,14.784706099942577,,False,RF,2.944028304590832,2.629318542892816,2.325930520981806,0.2997453752770841,8.72743756723587,1.2663787900940222,3.5003045581777594,"(1, 3, 5)","('ap1', 'ap3', 'ap5')"
3,14.784706099942577,,False,Transformer,3.170369906251541,1.8841096669134014,2.3024593612532933,1.1280579607556271,8.626545281067395,1.4979440145197287,4.270735076916699,"(1, 3, 5)","('ap1', 'ap3', 'ap5')"
3,11.54399779282835,median,True,KWNN,3.5271288977444524,2.3122046146725097,2.8306165638733303,0.5368524465482862,9.248938245961906,2.1532810365265287,3.7035896952486285,"(1, 3, 6)","('ap1', 'ap3', 'ap6')"
3,11.54399779282835,median,True,RF,2.7487574739675242,1.827891750077121,2.270144319537835,0.40407920015759285,7.8034266550022755,1.1091765594349714,3.3823977530739935,"(1, 3, 6)","('ap1', 'ap3', 'ap6')"
3,11.54399779282835,median,True,Transformer,2.7610376397018648,1.7643943977583048,2.0563223637566153,0.8346868937854746,8.094465878926156,1.5941072806954215,3.263427628976712,"(1, 3, 6)","('ap1', 'ap3', 'ap6')"
3,14.998064008787642,,False,KWNN,4.019207090627733,3.8858531362725763,2.1862711694462496,1.0221518296826124,8.696110749237992,2.2506762087680396,4.997524024669313,"(1, 4, 5)","('ap1', 'ap4', 'ap5')"
3,14.998064008787642,,False,RF,3.4231167371634763,3.1185118646559613,2.2252848957121447,0.922291976545389,8.680756190563125,1.6877658723887032,4.153982960966498,"(1, 4, 5)","('ap1', 'ap4', 'ap5')"
3,14.998064008787642,,False,Transformer,2.9398322819316203,2.318902080453601,2.157334867599661,1.2167896207096147,8.573853703687194,1.6432511629590614,2.886014121490883,"(1, 4, 5)","('ap1', 'ap4', 'ap5')"
3,11.563145295852955,,False,KWNN,3.333932100120691,1.9148973954450734,2.72741933155292,0.3473498272981609,9.091361560447284,1.5774133651836522,4.868032275378712,"(1, 4, 6)","('ap1', 'ap4', 'ap6')"
3,11.563145295852955,,False,RF,2.840718565477361,1.9762772098063572,2.221763461901635,0.2319727570211639,8.021133391859284,1.4734525577703546,4.068831458785188,"(1, 4, 6)","('ap1', 'ap4', 'ap6')"
3,11.563145295852955,,False,Transformer,2.4974828169334775,1.4833290447181726,2.2305809734896767,0.603358941354623,8.171201929843463,1.2708066040316919,3.2211381519175775,"(1, 4, 6)","('ap1', 'ap4', 'ap6')"
3,15.01849145743437,,False,KWNN,3.2275054758921247,2.588090089038272,2.2833012679032967,0.08793173218471755,8.652542518518846,1.9466715182413683,3.8670796048815594,"(1, 5, 6)","('ap1', 'ap5', 'ap6')"
3,15.01849145743437,,False,RF,3.090480348047688,1.9457275477311824,2.3275566835198043,0.910173747149411,8.522917906444953,1.494491515532959,4.145622698702814,"(1, 5, 6)","('ap1', 'ap5', 'ap6')"
3,15.01849145743437,,False,Transformer,2.5163217866751992,1.8251005224375199,2.3065755722028145,0.3462387569843068,8.31416548983276,0.946581207602988,3.1752929829188616,"(1, 5, 6)","('ap1', 'ap5', 'ap6')"
3,7.39934634239519,,False,KWNN,3.656735521345497,2.784831576172025,1.7149729532742757,1.6358168464611287,6.538481008113764,2.517202072184661,4.6189175636995,"(2, 3, 4)","('ap2', 'ap3', 'ap4')"
3,7.39934634239519,,False,RF,3.4896047160754957,3.3832832337834207,1.6454225975209364,1.5860463549341803,6.634857574959691,1.7997857761411498,4.890636859346643,"(2, 3, 4)","('ap2', 'ap3', 'ap4')"
3,7.39934634239519,,False,Transformer,3.686157220845196,4.080431489771261,1.4863015222771154,0.8195405463604828,6.084159578447454,2.8719292284554903,4.544395492461507,"(2, 3, 4)","('ap2', 'ap3', 'ap4')"
3,13.088448546914568,,False,KWNN,5.195482844769625,4.4403776895128555,4.117252538014614,0.5058374960501607,12.543653316456018,1.5748007984336967,8.245904680976818,"(2, 3, 5)","('ap2', 'ap3', 'ap5')"
3,13.088448546914568,,False,RF,2.992429489844423,1.9460401460401582,1.9706919820990414,0.47126739755684355,6.550441366045497,1.5926306068891178,4.633137550300012,"(2, 3, 5)","('ap2', 'ap3', 'ap5')"
3,13.088448546914568,,False,Transformer,4.122419171456724,3.680666372463907,2.2878400357033013,1.1933341179645325,9.412226334653916,2.561877330101373,5.146533938171977,"(2, 3, 5)","('ap2', 'ap3', 'ap5')"
3,10.0,,False,KWNN,2.722930661353804,2.4577015660412984,1.8970945792482083,0.4807663087429864,6.872003000654005,1.0691505207548542,3.2620474164034907,"(2, 3, 6)","('ap2', 'ap3', 'ap6')"
3,10.0,,False,RF,1.7994497833021756,1.606591422857722,0.8789669217871485,0.7244418541194317,3.5097824661935957,1.1869815331335194,1.8983331741293465,"(2, 3, 6)","('ap2', 'ap3', 'ap6')"
3,10.0,,False,Transformer,2.923494063678591,2.913374543604488,1.1539457606325458,1.5917018852205262,5.006971948941369,1.613046735728419,3.5418833755051136,"(2, 3, 6)","('ap2', 'ap3', 'ap6')"
3,13.477060230841714,,False,KWNN,4.369567844889192,2.8803180923659055,3.6934926468500113,0.39720991271693373,13.058572078331045,2.0700196494906407,6.234219343920472,"(2, 4, 5)","('ap2', 'ap4', 'ap5')"
3,13.477060230841714,,False,RF,3.721311858902643,4.243267839766894,2.029883588591966,0.4467540822421212,6.928696316046764,2.2564562681337303,4.850160451985068,"(2, 4, 5)","('ap2', 'ap4', 'ap5')"
3,13.477060230841714,,False,Transformer,4.236651131906036,3.537367981791576,2.1274672938385053,1.8370437927007113,8.953459228419199,2.733116110266019,5.079190272185562,"(2, 4, 5)","('ap2', 'ap4', 'ap5')"
3,10.19440127810669,,False,KWNN,1.9204864828673556,1.440663752684834,1.5296905214654255,0.4890477029360327,5.897849516534074,1.1937380217461218,1.8832343199181234,"(2, 4, 6)","('ap2', 'ap4', 'ap6')"
3,10.19440127810669,,False,RF,2.5640990520200635,2.588120746796795,0.8453254726808752,0.7313642662859596,3.8415475123965344,2.190541999140852,3.005788608668281,"(2, 4, 6)","('ap2', 'ap4', 'ap6')"
3,10.19440127810669,,False,Transformer,2.9136916716814287,3.442435953567858,1.040547972327089,0.8604187489819821,3.9926577828865977,2.5177323879964377,3.7071698410782004,"(2, 4, 6)","('ap2', 'ap4', 'ap6')"
3,13.357780696146662,,False,KWNN,2.3400141450644494,2.5110835212841898,0.7180602098884042,0.8741118961723363,3.6792233442201994,2.029980620804597,2.5978676450747105,"(2, 5, 6)","('ap2', 'ap5', 'ap6')"
3,13.357780696146662,,False,RF,1.7161876389543598,1.159572766151396,1.0828276368996097,0.5635804201708927,3.518287198339556,1.0405611995457067,2.894280159210576,"(2, 5, 6)","('ap2', 'ap5', 'ap6')"
3,13.357780696146662,,False,Transformer,2.0649753295158613,1.7290779417578563,0.8598166610219912,0.9448606845549035,3.5923925727093966,1.378188076814645,2.372553989094839,"(2, 5, 6)","('ap2', 'ap5', 'ap6')"
3,7.555170542729357,,False,KWNN,7.473202662969688,8.082175761050308,4.495001763964232,1.5074643630850475,12.982792341663037,2.1151765698851777,12.517928745421829,"(3, 4, 5)","('ap3', 'ap4', 'ap5')"
3,7.555170542729357,,False,RF,5.944104672464666,5.4264408077486666,3.554704844053763,1.1325317169951576,11.331532854825953,3.451103187388056,8.656096885432833,"(3, 4, 5)","('ap3', 'ap4', 'ap5')"
3,7.555170542729357,,False,Transformer,4.5375685609979,5.097702925892596,2.684056263781408,0.5246844751235973,9.500939350411334,2.625676286887631,5.922754492170195,"(3, 4, 5)","('ap3', 'ap4', 'ap5')"
3,4.128388269044835,clustered,True,KWNN,2.3329033758145674,1.759367528808139,2.1950260246116513,0.44685160167008703,7.723016801247709,0.741128478738849,2.634308079070098,"(3, 4, 6)","('ap3', 'ap4', 'ap6')"
3,4.128388269044835,clustered,True,RF,2.274407621686345,1.6786518400192458,1.3637626253101538,0.8408666005972647,4.6509080231713895,1.1374673797520525,2.930951942628879,"(3, 4, 6)","('ap3', 'ap4', 'ap6')"
3,4.128388269044835,clustered,True,Transformer,3.43446186164156,3.7454374126509205,1.6205812761941532,0.7326436160747896,6.07279668670775,2.221280233453551,4.443865876759968,"(3, 4, 6)","('ap3', 'ap4', 'ap6')"
3,6.8352373504294945,,False,KWNN,3.4368998989324355,2.5874772130604806,2.125095619798596,0.8340466226359942,8.315228325802691,2.404566926907412,4.798429821463257,"(3, 5, 6)","('ap3', 'ap5', 'ap6')"
3,6.8352373504294945,,False,RF,3.752824209848206,3.244713252353742,2.5455072814622226,0.46524402199276027,9.224734888331481,2.0283811895203527,5.064936568210899,"(3, 5, 6)","('ap3', 'ap5', 'ap6')"
3,6.8352373504294945,,False,Transformer,1.9983166206372103,1.8280212413109769,0.7576824129339265,0.9158270439512276,3.635248304814966,1.6285484747783843,2.068342510739808,"(3, 5, 6)","('ap3', 'ap5', 'ap6')"
3,7.286224294339617,,False,KWNN,3.0383478185123742,2.5647711797733868,1.9582562741680536,0.5419916498748028,7.335680426368239,1.97669532880858,2.702181621435554,"(4, 5, 6)","('ap4', 'ap5', 'ap6')"
3,7.286224294339617,,False,RF,2.954179375553215,3.5928840782858553,2.0300755162063453,0.1307714036018578,6.240988796657145,0.7275460191630493,4.402584699923444,"(4, 5, 6)","('ap4', 'ap5', 'ap6')"
3,7.286224294339617,,False,Transformer,2.619709971929227,2.1466843330971037,1.029745259616463,1.2465929121930983,4.504951117722802,1.913327089428136,3.3337772703241635,"(4, 5, 6)","('ap4', 'ap5', 'ap6')"
4,8.369083626382471,,False,KWNN,2.7220630037206317,1.8253922977430541,2.0637889708738637,0.7521783677874478,7.887136715846897,1.2920347146238826,3.3746301196849524,"(1, 2, 3, 4)","('ap1', 'ap2', 'ap3', 'ap4')"
4,8.369083626382471,,False,RF,2.7637814960991043,1.685027821728769,2.287427725060565,0.9465232432433975,8.443452801431414,1.0508606044571278,3.4583140632394853,"(1, 2, 3, 4)","('ap1', 'ap2', 'ap3', 'ap4')"
4,8.369083626382471,,False,Transformer,3.124905397465,3.13940714524748,1.5833637497368487,0.8364994467140474,5.801856549109116,2.0063091002707845,3.858601835499364,"(1, 2, 3, 4)","('ap1', 'ap2', 'ap3', 'ap4')"
4,12.896026235706556,,False,KWNN,2.330354317303853,1.890895927010785,1.9595625468277436,0.42037543137486166,6.562728506843369,0.7173293076134333,3.887405301445748,"(1, 2, 3, 5)","('ap1', 'ap2', 'ap3', 'ap5')"
4,12.896026235706556,,False,RF,2.7893037021922065,1.930802941783547,2.2425819871654795,0.6092763658636366,8.498076277017052,1.4869653963693976,3.3759017995196485,"(1, 2, 3, 5)","('ap1', 'ap2', 'ap3', 'ap5')"
4,12.896026235706556,,False,Transformer,3.5315118363297886,3.0593697789143173,1.3958857362582324,1.3135285688658436,6.152831226130745,2.772576775720634,4.54159229008944,"(1, 2, 3, 5)","('ap1', 'ap2', 'ap3', 'ap5')"
4,10.539590775658173,,False,KWNN,3.0513139377428966,2.482708552734014,2.1956079893253304,0.4885595369529666,7.459250486620585,1.2231260638882369,4.019160037627256,"(1, 2, 3, 6)","('ap1', 'ap2', 'ap3', 'ap6')"
4,10.539590775658173,,False,RF,2.1903441008448237,1.2988000654450245,2.234610969101247,0.08015609770940699,7.7498796280974585,0.8140922859234081,3.029119746725111,"(1, 2, 3, 6)","('ap1', 'ap2', 'ap3', 'ap6')"
4,10.539590775658173,,False,Transformer,2.584013569320393,2.517054871378043,1.46003945131104,0.3894831669324032,5.0843572244610655,1.4537447995187076,3.8182266759676207,"(1, 2, 3, 6)","('ap1', 'ap2', 'ap3', 'ap6')"
4,13.035711694660014,,False,KWNN,2.445504420340061,1.9793232504384277,2.0168761361248886,0.32009314357789265,6.922391647869348,1.1695467932206636,2.2492810143258004,"(1, 2, 4, 5)","('ap1', 'ap2', 'ap4', 'ap5')"
4,13.035711694660014,,False,RF,2.8564868912738905,1.9541637597704036,2.3298754976231826,0.5564049694242496,8.343854917842233,1.2636746772805094,3.9710618340690695,"(1, 2, 4, 5)","('ap1', 'ap2', 'ap4', 'ap5')"
4,13.035711694660014,,False,Transformer,2.859664124050248,2.471135875334241,1.9456157652249308,0.6750076856736111,6.801147693270808,1.0687026381301206,3.648745520751195,"(1, 2, 4, 5)","('ap1', 'ap2', 'ap4', 'ap5')"
4,10.582171031701405,,False,KWNN,2.3751747508053764,1.5124157547170194,2.1609702414312557,0.35706740251375596,6.748988020860268,0.7560576543722941,2.5861466296092757,"(1, 2, 4, 6)","('ap1', 'ap2', 'ap4', 'ap6')"
4,10.582171031701405,,False,RF,2.588241586876494,1.691288278206882,2.0890380279945817,0.9585405573057406,7.660445211604872,1.0357934156963926,3.4573731198700552,"(1, 2, 4, 6)","('ap1', 'ap2', 'ap4', 'ap6')"
4,10.582171031701405,,False,Transformer,3.9594819554788407,3.43599890744081,1.693168919006732,2.0985655395171223,7.065185396547266,2.7084153018950463,4.990092231734044,"(1, 2, 4, 6)","('ap1', 'ap2', 'ap4', 'ap6')"
4,13.846252247785783,dispersed,True,KWNN,2.339231879703721,1.9086108850396808,1.8232760401608747,0.09442647160236307,6.625363869991738,1.1044882174317718,2.7112794020647586,"(1, 2, 5, 6)","('ap1', 'ap2', 'ap5', 'ap6')"
4,13.846252247785783,dispersed,True,RF,2.545636538728327,1.9607867018112908,2.0800328684427973,0.789085806487482,7.799095437292712,1.0121679702499975,3.1341359654616134,"(1, 2, 5, 6)","('ap1', 'ap2', 'ap5', 'ap6')"
4,13.846252247785783,dispersed,True,Transformer,3.66164967809373,3.3048091663212116,1.8820019847687421,0.830728162363943,6.714561130169626,2.9751538195067893,4.589132275555561,"(1, 2, 5, 6)","('ap1', 'ap2', 'ap5', 'ap6')"
4,11.535394450835334,,False,KWNN,2.835822378158147,2.4353132756876046,2.30621246204347,0.7239518806793578,8.691119042985681,1.2649546657787405,3.3451592350160864,"(1, 3, 4, 5)","('ap1', 'ap3', 'ap4', 'ap5')"
4,11.535394450835334,,False,RF,3.253739979269984,3.121013271359159,2.170357266690888,0.8286337912491862,8.570692098074694,1.6697732810175157,3.953435285925394,"(1, 3, 4, 5)","('ap1', 'ap3', 'ap4', 'ap5')"
4,11.535394450835334,,False,Transformer,3.5720289036391097,3.010283854793182,2.18162682254015,0.7836673037612497,8.60730172099638,2.059671000314536,4.5512295587477505,"(1, 3, 4, 5)","('ap1', 'ap3', 'ap4', 'ap5')"
4,9.009792127401974,,False,KWNN,2.6859448669199577,1.7016642062163816,2.632976488045317,0.4324339226695178,9.127844455840782,1.1242507881590769,2.626725220789855,"(1, 3, 4, 6)","('ap1', 'ap3', 'ap4', 'ap6')"
4,9.009792127401974,,False,RF,2.9511829568007495,2.262941103961833,2.030206992440784,0.6442360126537479,7.998366838924056,1.6519647726268256,3.7097935589463735,"(1, 3, 4, 6)","('ap1', 'ap3', 'ap4', 'ap6')"
4,9.009792127401974,,False,Transformer,3.865721813340981,3.1522073236201322,2.0134105761063754,1.3803760606814641,7.436938171705985,2.5638789470625607,6.096486504017135,"(1, 3, 4, 6)","('ap1', 'ap3', 'ap4', 'ap6')"
4,12.045608175158698,,False,KWNN,2.916607858780694,2.274937830298219,2.0239509179984836,1.4535841885256302,8.423038504525517,1.7690227285174116,2.737364419755291,"(1, 3, 5, 6)","('ap1', 'ap3', 'ap5', 'ap6')"
4,12.045608175158698,,False,RF,2.7051123707358524,1.7487209611598986,2.259467970199738,0.7259037470629285,8.454342132301012,1.3246006039557736,3.4151278877957116,"(1, 3, 5, 6)","('ap1', 'ap3', 'ap5', 'ap6')"
4,12.045608175158698,,False,Transformer,5.0819296421055595,4.819386875579516,2.529636242586478,0.7629927873345694,8.603806895306668,3.041368293703946,7.3370037791608285,"(1, 3, 5, 6)","('ap1', 'ap3', 'ap5', 'ap6')"
4,12.216481264103647,,False,KWNN,3.2800838802644376,2.6982350917257993,2.473259824409371,0.588293910257148,9.773933851649453,1.9108829395714633,3.3474796444394017,"(1, 4, 5, 6)","('ap1', 'ap4', 'ap5', 'ap6')"
4,12.216481264103647,,False,RF,2.6016413788172263,1.6590624943021284,2.3297287706758683,0.20471336058010484,8.096048418827547,1.1752260420872234,3.775376982501218,"(1, 4, 5, 6)","('ap1', 'ap4', 'ap5', 'ap6')"
4,12.216481264103647,,False,Transformer,3.4822243937366317,2.5412176776001396,2.0344317735574178,1.6524125238823815,8.003051196537168,2.1243615278336296,3.679626815327051,"(1, 4, 5, 6)","('ap1', 'ap4', 'ap5', 'ap6')"
4,10.380006415720208,,False,KWNN,5.49059894288377,6.433189216549855,3.7817352222258047,1.0983325737875564,12.956990719163521,1.6969879418306075,6.972178774629093,"(2, 3, 4, 5)","('ap2', 'ap3', 'ap4', 'ap5')"
4,10.380006415720208,,False,RF,3.4712318293244624,3.5624790820438506,1.7473841628675435,1.0304900242117823,6.580186107550455,2.1238853547213887,4.425509716405558,"(2, 3, 4, 5)","('ap2', 'ap3', 'ap4', 'ap5')"
4,10.380006415720208,,False,Transformer,4.8580596433651175,4.99551387730365,1.8688641630829756,2.1630279532113126,9.230116079836552,3.89155317732585,5.192484261308806,"(2, 3, 4, 5)","('ap2', 'ap3', 'ap4', 'ap5')"
4,7.930533972386679,,False,KWNN,1.8434834597301386,1.296342101591535,1.5186777774230185,0.40466183599673566,5.627392112140925,0.7604219743960283,2.235971973411611,"(2, 3, 4, 6)","('ap2', 'ap3', 'ap4', 'ap6')"
4,7.930533972386679,,False,RF,2.2526357901403187,1.9362492840540961,0.7743030803969704,1.1163563767901359,3.3686712528829528,1.7100736826230618,2.9128218637602954,"(2, 3, 4, 6)","('ap2', 'ap3', 'ap4', 'ap6')"
4,7.930533972386679,,False,Transformer,3.2174131990615646,3.0303056665532075,1.356013121270649,1.468363259647062,5.583401658723432,2.1370303597906237,4.077156305098793,"(2, 3, 4, 6)","('ap2', 'ap3', 'ap4', 'ap6')"
4,10.820366648372682,median,True,KWNN,2.4576520197913485,2.2974671549431336,1.30182803335132,0.5458059346497834,5.729912749725907,2.0032061088444824,2.5265316111893927,"(2, 3, 5, 6)","('ap2', 'ap3', 'ap5', 'ap6')"
4,10.820366648372682,median,True,RF,1.6320170053005911,1.4453249634597751,0.8541615420781049,0.4814150911635405,3.0785034822133954,1.0573485518030463,1.812665231089293,"(2, 3, 5, 6)","('ap2', 'ap3', 'ap5', 'ap6')"
4,10.820366648372682,median,True,Transformer,3.246639631827503,2.8106178313008408,1.2231236639601262,1.5011245577147432,4.977431539804998,2.3378110258748457,4.658194731153911,"(2, 3, 5, 6)","('ap2', 'ap3', 'ap5', 'ap6')"
4,11.07886662485867,,False,KWNN,2.1249977929407367,1.9386474064958243,1.0421297771929334,0.6739248719139651,3.8130599705779824,1.6299069308633825,2.6890066369960257,"(2, 4, 5, 6)","('ap2', 'ap4', 'ap5', 'ap6')"
4,11.07886662485867,,False,RF,2.2491483097044864,2.4962953671390733,1.0000786590497688,0.6858606928524189,3.5804586074970897,1.3621490410377273,3.1006754360945292,"(2, 4, 5, 6)","('ap2', 'ap4', 'ap5', 'ap6')"
4,11.07886662485867,,False,Transformer,3.867407311179064,4.110816480275758,1.6492537513694872,1.3696633298211518,6.365004560924261,2.397064173428024,5.006266084423965,"(2, 4, 5, 6)","('ap2', 'ap4', 'ap5', 'ap6')"
4,6.451255114135826,clustered,True,KWNN,2.9545673517561517,2.547721400838439,2.230252727411617,0.3807842849162359,8.132506303516037,1.204151407943942,3.6039214687791428,"(3, 4, 5, 6)","('ap3', 'ap4', 'ap5', 'ap6')"
4,6.451255114135826,clustered,True,RF,3.366733333087655,3.389515317858882,1.806835809575783,0.4965674274456593,6.647600036855406,2.6288845086842443,4.248614061079213,"(3, 4, 5, 6)","('ap3', 'ap4', 'ap5', 'ap6')"
4,6.451255114135826,clustered,True,Transformer,3.1472898362063972,3.416662636413626,0.8876064256887889,1.4791185596203986,4.6977639850442,2.869678076084326,3.575459183503617,"(3, 4, 5, 6)","('ap3', 'ap4', 'ap5', 'ap6')"
5,11.243244484660917,median,True,KWNN,2.7030227375082507,2.432310009783761,1.7395336921344897,0.9187202111848966,6.87402922635732,1.4690938858115632,3.363161197278724,"(1, 2, 3, 4, 5)","('ap1', 'ap2', 'ap3', 'ap4', 'ap5')"
5,11.243244484660917,median,True,RF,2.688979070173201,1.5529948486714307,2.3177454275301974,0.5276611128366387,8.37513380490127,1.2720277355466743,3.776100189348794,"(1, 2, 3, 4, 5)","('ap1', 'ap2', 'ap3', 'ap4', 'ap5')"
5,11.243244484660917,median,True,Transformer,3.0958487752034385,2.5051468310018543,2.116467673740461,0.5566254097008955,8.539913010904653,2.1886789829953486,3.2595700521114574,"(1, 2, 3, 4, 5)","('ap1', 'ap2', 'ap3', 'ap4', 'ap5')"
5,9.286234306706142,clustered,True,KWNN,2.3728660502753076,1.2568239631393359,2.21078334005291,0.39573400581407014,7.2303581380987545,0.7904625748113038,2.606402826541878,"(1, 2, 3, 4, 6)","('ap1', 'ap2', 'ap3', 'ap4', 'ap6')"
5,9.286234306706142,clustered,True,RF,2.540043364378644,1.46604241412041,2.1315598858760736,0.7327879979912335,7.91137004570005,1.3364359917332365,3.184432188004637,"(1, 2, 3, 4, 6)","('ap1', 'ap2', 'ap3', 'ap4', 'ap6')"
5,9.286234306706142,clustered,True,Transformer,3.215954183269936,2.712727499700535,1.5642585614562214,1.4031216402790065,6.916460807628845,2.552049400615117,3.6204389979113913,"(1, 2, 3, 4, 6)","('ap1', 'ap2', 'ap3', 'ap4', 'ap6')"
5,12.02956881653638,,False,KWNN,2.4319817316776877,2.203551580501671,1.4973639075389902,0.5566051503400945,5.6879988394438366,1.418934167925836,2.7218533598231485,"(1, 2, 3, 5, 6)","('ap1', 'ap2', 'ap3', 'ap5', 'ap6')"
5,12.02956881653638,,False,RF,2.4538377670364198,1.409439959700306,2.156630360271202,0.399772547831889,7.852471346652593,1.0643683995684954,2.9191361067959813,"(1, 2, 3, 5, 6)","('ap1', 'ap2', 'ap3', 'ap5', 'ap6')"
5,12.02956881653638,,False,Transformer,2.440729868224711,1.5686023513842062,1.7231661860470617,0.21565210955610567,6.235571649726347,1.2347771257161388,3.2906738843482684,"(1, 2, 3, 5, 6)","('ap1', 'ap2', 'ap3', 'ap5', 'ap6')"
5,12.151896572621904,dispersed,True,KWNN,2.3409389507483724,1.8900061942908613,1.8799080176644642,0.37634441002362323,7.036502020028248,1.3620127284111176,2.6853150693961405,"(1, 2, 4, 5, 6)","('ap1', 'ap2', 'ap4', 'ap5', 'ap6')"
5,12.151896572621904,dispersed,True,RF,2.5007124278160706,1.2277427906528304,2.171750996067876,0.4495317118958351,7.653955427751066,1.038093329137607,3.286357959809004,"(1, 2, 4, 5, 6)","('ap1', 'ap2', 'ap4', 'ap5', 'ap6')"
5,12.151896572621904,dispersed,True,Transformer,2.239797406418651,1.778900548137759,1.6659599324534025,0.3785498187461514,6.4995562393377,1.2991844771470156,2.5081402911031394,"(1, 2, 4, 5, 6)","('ap1', 'ap2', 'ap4', 'ap5', 'ap6')"
5,10.251706226327096,,False,KWNN,2.9686912054713046,2.12758081625016,2.501833847776114,0.3840222018657973,8.40585175928649,1.2202587533238634,2.708221294156879,"(1, 3, 4, 5, 6)","('ap1', 'ap3', 'ap4', 'ap5', 'ap6')"
5,10.251706226327096,,False,RF,2.7487170979552844,2.1555270817134264,2.1488335776176726,0.6735684152333749,8.10194160001169,1.4432460670308442,3.309185339324469,"(1, 3, 4, 5, 6)","('ap1', 'ap3', 'ap4', 'ap5', 'ap6')"
5,10.251706226327096,,False,Transformer,2.521215133619817,2.085768682867731,1.7784053822263672,0.7250782796817111,7.270842856624159,1.600946794140026,2.3311273436240794,"(1, 3, 4, 5, 6)","('ap1', 'ap3', 'ap4', 'ap5', 'ap6')"
5,9.332205755094813,,False,KWNN,1.637560347101066,1.0973983852893,1.0972786650501418,0.3551007241968023,3.9458115691725935,1.008819113550183,2.5581613185223797,"(2, 3, 4, 5, 6)","('ap2', 'ap3', 'ap4', 'ap5', 'ap6')"
5,9.332205755094813,,False,RF,2.0066961239410497,2.074863850955045,0.7747976987173772,0.6373446163575871,3.217953542237675,1.776551997550311,2.4128669751977627,"(2, 3, 4, 5, 6)","('ap2', 'ap3', 'ap4', 'ap5', 'ap6')"
5,9.332205755094813,,False,Transformer,2.1692939752433764,2.4226073985903067,0.9824201688620768,0.7282702945790611,3.515566085368487,1.5508701221909502,2.8275752796872564,"(2, 3, 4, 5, 6)","('ap2', 'ap3', 'ap4', 'ap5', 'ap6')"
6,10.71580936032454,full,True,KWNN,2.2926582064024936,2.093350018583516,1.5743233107892562,0.35787028205257454,5.5670940305044665,1.2026573539557297,2.6950423773805863,"(1, 2, 3, 4, 5, 6)","('ap1', 'ap2', 'ap3', 'ap4', 'ap5', 'ap6')"
6,10.71580936032454,full,True,RF,2.3848725570832574,1.933623026859165,2.170965259669852,0.10187855515269155,7.452355767809264,0.6478913797852228,3.0285072643135593,"(1, 2, 3, 4, 5, 6)","('ap1', 'ap2', 'ap3', 'ap4', 'ap5', 'ap6')"
6,10.71580936032454,full,True,Transformer,2.3939038295712582,2.086017970319545,1.2260631404628275,1.088388152400884,5.166102560804965,1.485048441791669,2.921898051243362,"(1, 2, 3, 4, 5, 6)","('ap1', 'ap2', 'ap3', 'ap4', 'ap5', 'ap6')"
